order_id,distance_km,packages,temperature_c,humidity_pct,traffic,vehicle_type,delivery_time_min,transport_cost
1,14.31,3,21.1,32.9,High,Bike,74.9,146.06
2,21.28,1,12.4,55.1,Low,Bike,60.6,190.37
3,23.49,4,27.7,65.0,Low,Mini Truck,71.7,218.66
4,10.4,9,34.0,47.4,Low,Mini Truck,46.2,148.25
5,33.01,3,12.9,64.3,Low,Van,79.0,305.94
6,23.45,10,15.8,70.8,Medium,Van,93.2,268.58
7,15.74,4,32.2,71.9,Low,Bike,56.0,174.81
8,35.26,12,22.6,66.5,Low,Bike,109.8,342.4
9,,15,23.7,32.4,High,Bike,108.3,214.69
10,35.27,6,19.5,51.0,Medium,Mini Truck,115.5,315.59
11,5.56,5,23.3,69.8,Low,Mini Truck,40.1,106.11
12,39.74,14,22.5,73.0,High,Van,140.9,392.9
13,8.39,2,23.8,43.1,Medium,Bike,52.5,107.86
14,36.84,8,12.3,57.0,High,Van,140.3,357.88
15,34.83,5,29.8,89.2,High,Van,131.8,310.75
16,8.7,4,28.4,30.7,High,Bike,63.7,106.37
17,17.92,6,27.1,49.1,Low,Mini Truck,70.0,211.91
18,26.89,12,11.5,,High,Mini Truck,118.6,286.64
19,5.93,11,21.2,41.4,Low,Van,42.1,123.68
20,4.0,1,25.9,62.2,Medium,Mini Truck,27.5,85.23
21,25.33,3,27.8,87.3,High,Van,99.1,230.44
22,20.55,8,23.5,48.7,Low,Bike,77.1,233.34
23,20.19,12,14.5,31.4,High,Van,100.3,240.72
24,3.03,9,18.3,68.6,Low,Mini Truck,46.0,99.28
25,36.51,6,31.6,62.0,High,Van,130.7,341.22
26,31.96,13,33.9,78.4,Medium,Mini Truck,123.0,322.7
27,20.73,12,10.8,31.7,Medium,Van,87.6,249.25
28,38.35,8,32.6,73.4,Medium,Van,111.3,347.69
29,19.86,6,15.7,67.4,High,Bike,94.3,217.54
30,32.39,2,33.4,37.2,,Mini Truck,100.8,290.27
31,8.78,13,27.8,35.2,High,Van,85.8,165.15
32,5.23,3,14.8,37.6,Low,Mini Truck,39.6,100.42
33,7.55,14,26.7,58.5,Medium,Bike,71.1,141.55
34,2.54,12,28.2,61.6,Low,Van,53.8,97.89
35,35.21,1,17.1,47.6,Low,Mini Truck,83.9,309.41
36,33.7,1,35.5,51.2,Medium,Mini Truck,98.1,308.88
37,17.98,15,34.6,37.8,Low,Mini Truck,81.2,246.03
38,31.51,10,10.1,78.0,Low,Bike,97.5,323.08
39,23.15,6,29.1,61.8,Medium,Bike,93.0,224.33
40,9.27,1,31.6,60.5,High,Bike,68.7,125.9
41,18.84,10,37.3,66.4,Low,Mini Truck,68.2,221.54
42,32.68,9,36.4,72.0,Medium,Mini Truck,118.2,312.18
43,19.01,7,13.4,56.5,Low,Mini Truck,61.8,197.77
44,27.44,13,13.4,76.6,High,Mini Truck,127.1,287.09
45,35.55,8,16.1,87.2,Medium,Van,,343.66
46,10.5,12,22.1,60.9,Medium,Van,65.9,161.31
47,29.44,1,19.5,57.5,High,Bike,101.6,265.32
48,13.23,2,13.2,85.1,Low,Bike,37.1,140.38
49,36.42,3,17.6,37.8,Medium,Mini Truck,112.2,317.91
50,7.68,15,24.4,59.7,Medium,Bike,67.9,166.59
51,8.97,15,12.0,86.3,High,Bike,97.0,154.79
52,34.54,2,17.4,37.3,Low,Van,98.0,304.58
53,36.79,10,13.6,61.6,Low,Bike,118.0,348.78
54,8.88,15,18.7,48.3,Low,Van,61.7,171.76
55,12.28,13,10.5,45.0,Low,Bike,70.2,185.63
56,9.2,8,16.9,56.8,High,Mini Truck,76.0,140.85
57,33.72,7,37.2,48.5,Low,Bike,93.3,330.87
58,28.86,11,13.9,89.4,Low,Bike,85.0,304.21
59,35.43,7,14.6,35.1,Medium,Mini Truck,115.3,327.18
60,11.2,5,11.3,41.1,Medium,Van,49.5,139.92
61,14.5,9,19.1,32.1,Medium,Bike,71.1,169.78
62,16.5,,17.8,69.4,Low,Mini Truck,69.5,183.48
63,33.05,3,21.2,32.5,Low,Van,83.2,291.86
64,24.25,9,33.9,39.3,High,Mini Truck,107.3,252.66
65,39.42,3,18.0,67.1,Low,Bike,106.3,354.1
66,21.49,7,30.5,78.7,Low,Mini Truck,77.0,231.23
67,32.89,1,33.1,65.0,High,Mini Truck,119.9,294.96
68,5.23,1,13.7,51.6,Low,Van,34.2,84.98
69,25.86,11,24.9,44.7,Medium,Bike,99.9,265.05
70,37.44,15,25.0,69.6,Low,Mini Truck,124.6,373.37
71,250,5,16.6,75.4,Low,Mini Truck,37.7,95.04
72,34.13,2,23.4,71.0,Low,Mini Truck,89.9,294.92
73,24.79,6,17.1,74.6,Medium,Mini Truck,89.9,235.3
74,4.31,5,37.2,36.0,Low,Mini Truck,33.4,98.59
75,12.85,8,23.1,37.1,High,Bike,80.9,155.95
76,19.97,5,22.9,79.2,Medium,Van,74.7,222.27
77,37.36,2,26.3,38.5,High,Van,130.8,317.18
78,33.17,9,17.8,36.8,Medium,Bike,111.3,336.06
79,16.98,3,10.1,59.5,Medium,Van,63.0,168.57
80,15.07,6,13.4,49.9,Medium,Van,75.9,165.63
81,37.2,12,10.3,74.4,Medium,Van,116.7,363.7
82,35.06,2,20.1,55.7,Medium,Bike,96.7,297.5
83,27.16,11,36.2,45.0,Medium,Van,103.5,278.4
84,16.19,7,34.8,78.7,High,Van,900,202.65
85,22.87,12,12.3,86.0,Medium,Van,99.0,248.68
86,35.04,8,11.4,85.6,Low,Bike,100.5,330.11
87,13.32,12,30.7,69.2,Medium,Mini Truck,72.4,187.4
88,27.42,2,14.7,39.7,Low,Mini Truck,82.0,253.56
89,10.36,15,19.3,75.6,Medium,Bike,78.7,170.02
90,8.64,9,12.6,44.3,Medium,Mini Truck,56.3,126.4
91,35.08,7,21.6,61.5,Medium,Van,107.9,317.96
92,12.55,6,13.5,60.2,High,Bike,72.0,170.03
93,16.61,11,22.5,87.2,Low,Bike,60.9,214.86
94,36.04,8,37.1,59.4,Low,Van,111.7,355.14
95,22.06,8,37.2,44.9,Low,Bike,68.2,238.12
96,27.92,14,30.2,68.8,Medium,Bike,111.9,9999
97,31.73,4,25.9,32.3,High,Van,123.7,297.77
98,22.07,7,29.6,36.7,Low,Van,73.6,236.01
99,16.75,4,32.1,30.1,High,Van,94.4,174.98
100,14.02,14,34.7,58.5,Low,Mini Truck,66.0,214.97
101,28.78,5,11.5,41.6,High,Mini Truck,109.0,268.57
102,27.36,15,20.4,59.6,High,Van,132.1,301.07
103,17.06,1,32.3,74.3,High,Bike,73.2,186.05
104,13.85,14,15.4,57.9,Medium,Van,74.9,203.58
105,25.18,15,16.3,55.0,High,Bike,132.3,278.24
106,16.95,4,10.7,65.8,Medium,Bike,73.1,173.65
107,19.09,12,34.7,74.0,Low,Bike,73.8,221.74
108,37.56,12,23.1,48.7,High,Van,148.9,384.25
109,18.81,2,10.1,46.8,Medium,Van,77.7,177.79
110,38.64,4,20.6,76.1,Medium,Van,104.0,351.96
111,9.44,9,35.7,41.6,Medium,Mini Truck,71.8,132.71
112,17.61,13,27.5,54.3,Medium,Bike,87.5,233.18
113,4.36,4,30.9,83.9,Medium,Van,39.2,102.43
114,25.45,5,30.9,71.4,Medium,Van,78.0,258.54
115,36.83,11,36.5,33.9,Low,Bike,110.2,373.93
116,38.25,7,32.1,84.8,Medium,Bike,126.1,345.36
117,32.5,12,18.5,71.5,Low,Mini Truck,98.7,342.59
118,19.51,13,31.9,34.7,Low,Van,85.1,230.74
119,4.46,1,23.5,62.7,Low,Van,33.6,92.08
120,12.07,2,15.8,55.3,High,Van,64.6,127.51
21,25.33,3,27.8,87.3,High,Van,99.1,230.44
