order_id,distance_km,shipment_volume,transport_cost,traffic,delivery_time_min,on_time,vehicle_type
1,8.27,14,184.12,Medium,77.75,1,Van
2,32.7,17,351.7,High,130.7,0,Bike
3,2.54,19,153.56,Low,62.18,1,Bike
4,37.02,2,334.2,High,126.23,0,Van
5,25.4,2,273.93,High,97.6,0,Bike
6,26.66,12,281.0,High,124.67,0,Bike
7,32.73,1,300.05,High,115.37,0,Van
8,20.42,6,240.95,Medium,87.78,1,Bike
9,4.84,7,112.23,High,73.21,1,Mini Truck
10,39.58,3,342.49,Medium,111.72,0,Van
11,9.64,5,169.35,Medium,51.82,1,Van
12,21.05,11,280.33,Medium,83.07,1,Bike
13,8.04,16,162.02,Low,61.69,1,Mini Truck
14,21.84,19,300.65,High,131.32,0,Bike
15,8.87,6,156.06,Medium,53.37,1,Mini Truck
16,37.33,8,345.42,Low,112.68,0,Bike
17,31.53,12,322.21,Low,102.53,0,Mini Truck
18,38.41,14,413.85,Low,125.85,0,Mini Truck
19,2.54,12,128.38,Medium,59.23,1,Bike
20,8.17,3,130.59,Medium,57.2,1,Van
21,4.18,10,112.44,Medium,58.74,1,Bike
22,17.94,6,210.92,Medium,77.78,1,Bike
23,39.37,16,389.69,Low,131.02,0,Mini Truck
24,36.63,16,369.01,Low,124.38,0,Van
25,32.22,12,347.05,Medium,111.25,0,Van
26,13.7,18,237.12,Low,81.07,1,Bike
27,16.53,5,221.94,Low,52.25,1,Van
28,26.47,19,325.53,High,126.33,0,Bike
29,7.07,4,124.77,Low,26.84,1,Van
30,31.87,3,320.49,High,106.41,0,Van
31,22.47,11,263.62,Low,82.3,1,Bike
32,8.99,13,165.8,High,86.38,1,Bike
33,24.95,17,326.96,Low,101.28,0,Bike
34,16.73,3,190.36,High,75.09,1,Mini Truck
35,10.87,20,212.38,Low,66.53,1,Bike
36,13.76,10,215.86,High,88.91,1,Mini Truck
37,5.75,20,164.1,High,96.55,0,Mini Truck
38,13.79,20,242.95,High,98.75,0,Mini Truck
39,32.96,7,321.3,Medium,108.32,0,Van
40,6.09,3,125.18,High,70.21,1,Van
41,21.19,1,227.16,High,86.58,1,Mini Truck
42,21.49,13,249.89,Low,70.1,1,Van
43,3.6,9,133.61,Medium,57.51,1,Van
44,32.31,13,341.98,Medium,106.96,0,Mini Truck
45,5.25,16,149.58,Medium,72.39,1,Bike
46,31.62,20,377.73,High,144.85,0,Mini Truck
47,11.96,16,231.36,Medium,75.27,1,Van
48,33.34,1,291.33,Low,78.53,1,Van
49,29.22,3,287.28,Low,79.16,1,Mini Truck
50,37.85,15,416.76,Low,120.31,0,Bike
51,27.79,12,316.96,High,111.73,0,Bike
52,38.15,11,381.84,Low,118.78,0,Mini Truck
53,9.6,20,220.09,High,95.34,0,Van
54,19.74,14,258.86,High,102.04,0,Bike
55,27.37,20,329.32,Low,115.41,0,Bike
56,3.31,12,112.69,High,74.61,1,Van
57,25.1,15,291.53,Low,101.79,0,Bike
58,5.59,10,128.81,Medium,67.09,1,Van
59,8.32,19,211.53,Medium,78.81,1,Bike
60,13.73,14,212.99,High,89.75,1,Mini Truck
61,32.49,19,391.56,Low,115.84,0,Bike
62,5.06,7,111.28,Medium,59.08,1,Mini Truck
63,22.35,16,286.12,High,111.78,0,Van
64,7.83,10,149.79,High,66.1,1,Bike
65,27.39,6,284.24,High,116.12,0,Van
66,12.25,2,143.49,High,72.56,1,Mini Truck
67,31.99,13,329.45,Low,94.47,0,Van
68,22.47,14,266.74,Low,89.96,1,Mini Truck
69,18.09,11,251.48,Low,71.14,1,Mini Truck
70,15.39,18,251.29,High,98.02,0,Mini Truck
71,16.0,16,226.49,Medium,94.96,0,Van
72,27.82,7,298.95,High,120.42,0,Mini Truck
73,24.94,4,279.23,Medium,77.23,1,Van
74,37.6,12,359.23,Medium,114.0,0,Van
75,25.07,13,301.61,Low,80.11,1,Mini Truck
76,21.02,14,256.65,High,111.05,0,Van
77,30.12,12,345.82,Low,93.36,0,Bike
78,15.37,12,224.44,Low,77.48,1,Mini Truck
79,30.7,7,322.42,Low,98.49,0,Mini Truck
80,16.07,17,237.03,Low,71.19,1,Van
81,25.32,15,316.99,Low,95.23,0,Van
82,9.01,13,166.87,Medium,63.59,1,Mini Truck
83,34.63,7,318.94,Medium,109.77,0,Van
84,29.99,8,332.63,Medium,92.0,0,Bike
85,2.14,19,144.76,Medium,59.09,1,Bike
86,35.06,18,400.99,Medium,131.36,0,Bike
87,16.08,5,198.27,Medium,65.56,1,Mini Truck
88,25.88,20,338.67,Low,109.94,0,Bike
89,16.25,9,226.04,Medium,83.21,1,Bike
90,24.62,11,301.34,Low,89.38,1,Bike
91,26.08,5,281.6,Medium,78.55,1,Mini Truck
92,13.24,7,186.46,Low,55.0,1,Mini Truck
93,20.82,2,228.79,Medium,83.07,1,Mini Truck
94,15.99,7,221.05,Medium,61.67,1,Mini Truck
95,33.35,2,293.67,High,116.48,0,Bike
96,39.86,8,385.75,Medium,119.04,0,Mini Truck
97,38.56,12,385.1,Low,114.92,0,Van
98,7.42,13,179.4,High,85.75,1,Mini Truck
99,21.52,8,246.7,Low,60.97,1,Mini Truck
100,36.11,8,366.85,High,134.19,0,Van
101,20.62,6,213.07,Medium,75.22,1,Van
102,13.37,2,164.82,Low,38.44,1,Mini Truck
103,8.01,5,127.62,Low,33.72,1,Mini Truck
104,6.39,13,143.51,Low,45.12,1,Mini Truck
105,9.91,1,119.18,Low,31.8,1,Mini Truck
106,5.66,7,128.18,High,73.42,1,Bike
107,17.19,11,244.06,High,93.94,0,Van
108,3.3,16,129.85,Medium,69.98,1,Mini Truck
109,20.32,2,235.98,Low,66.7,1,Van
110,31.5,9,326.68,Low,88.09,1,Van
111,27.23,9,289.58,Medium,86.32,1,Van
112,24.23,16,293.07,Low,97.32,0,Bike
113,13.85,13,196.77,High,98.67,0,Bike
114,3.86,14,146.86,Low,52.2,1,Van
115,10.28,12,194.67,Low,57.8,1,Van
116,25.11,14,285.19,Low,87.72,1,Bike
117,8.18,7,136.54,Medium,45.76,1,Bike
118,34.31,15,358.22,Medium,121.37,0,Van
119,9.21,20,226.77,Low,74.1,1,Van
120,7.45,12,181.75,High,72.05,1,Mini Truck
121,30.5,3,311.16,Low,86.31,1,Van
122,14.45,13,232.99,Low,72.87,1,Bike
123,25.78,9,302.85,Low,89.34,1,Mini Truck
124,31.13,8,331.68,Low,100.19,0,Van
125,39.18,16,415.39,High,147.97,0,Bike
126,26.89,14,306.74,Medium,111.37,0,Mini Truck
127,16.68,5,212.19,Low,50.17,1,Bike
128,31.01,2,274.62,Medium,82.99,1,Mini Truck
129,24.15,15,313.13,Medium,99.31,0,Van
130,38.14,18,391.82,Medium,121.2,0,Van
131,33.73,9,339.7,Medium,118.54,0,Van
132,34.16,5,329.8,High,129.87,0,Van
133,9.78,6,171.25,Medium,65.85,1,Bike
134,2.14,11,101.35,Medium,57.41,1,Mini Truck
135,2.96,1,73.12,High,57.72,1,Bike
136,34.28,11,358.79,Low,104.41,0,Bike
137,5.71,10,139.67,Medium,51.05,1,Van
138,16.59,10,233.02,High,83.51,1,Van
139,14.21,10,219.27,Low,73.9,1,Bike
140,25.48,15,304.2,High,130.32,0,Bike
141,9.1,20,205.24,Low,78.42,1,Van
142,5.22,18,171.48,Low,66.13,1,Bike
143,25.42,1,259.54,Low,79.71,1,Mini Truck
144,7.38,1,125.49,Low,42.64,1,Van
145,5.42,14,151.38,High,88.82,1,Van
146,20.56,9,232.42,Medium,87.71,1,Bike
147,13.47,5,164.16,Medium,67.78,1,Mini Truck
148,11.94,12,191.63,High,79.87,1,Mini Truck
149,21.41,3,235.02,Low,62.82,1,Van
150,13.07,8,195.71,Medium,63.14,1,Bike
